<?xml version="1.0" encoding="UTF-8"?>
<project-private xmlns="http://www.netbeans.org/ns/project-private/1">
    <editor-bookmarks xmlns="http://www.netbeans.org/ns/editor-bookmarks/2" lastBookmarkId="0"/>
    <open-files xmlns="http://www.netbeans.org/ns/projectui-open-files/2">
        <group>
            <file>file:/C:/Users/Yochris/Documents/Tugas%20Kuliah/Mata%20Kuliah/Semester%203/Database%20technology/LAB/Final%20Project/SIC/src/GUI/siswa/attendance.java</file>
            <file>file:/C:/Users/Yochris/Documents/Tugas%20Kuliah/Mata%20Kuliah/Semester%203/Database%20technology/LAB/Final%20Project/SIC/src/GUI/siswa/course.java</file>
            <file>file:/C:/Users/Yochris/Documents/Tugas%20Kuliah/Mata%20Kuliah/Semester%203/Database%20technology/LAB/Final%20Project/SIC/src/GUI/siswa/report.java</file>
        </group>
    </open-files>
</project-private>
